signatureID	PROBE	ID_geneid	Name_GeneSymbol	Value_LogDiffExp	Significance_pvalue
LINCSCP_116142		16	AARS	-0.57122	0.280096977949142
LINCSCP_116142		23	ABCF1	-0.34936	0.416663885116577
LINCSCP_116142		25	ABL1	-0.130133	0.721507906913757
LINCSCP_116142		30	ACAA1	-0.412344	0.510525345802307
LINCSCP_116142		39	ACAT2	0.833983	0.0583153665065765
LINCSCP_116142		47	ACLY	-0.170685	0.692203164100647
LINCSCP_116142		102	ADAM10	0.28773	0.440022081136703
LINCSCP_116142		128	ADH5	0.36805	0.433536976575851
LINCSCP_116142		142	PARP1	-0.20898	0.663231551647186
LINCSCP_116142		154	ADRB2	-0.920615	0.0322924479842186
LINCSCP_116142		178	AGL	-0.308465	0.380369305610657
LINCSCP_116142		207	AKT1	-0.900952	0.03104567527771
LINCSCP_116142		211	ALAS1	0.217918	0.541984617710114
LINCSCP_116142		226	ALDOA	0.00626535	0.99169784784317
LINCSCP_116142		230	ALDOC	0.286223	0.554116308689117
LINCSCP_116142		291	SLC25A4	0.270626	0.404507994651794
LINCSCP_116142		310	ANXA7	0.905955	0.0290596392005682
LINCSCP_116142		323	APBB2	-0.507052	0.171229109168053
LINCSCP_116142		329	BIRC2	0.417192	0.498970627784729
LINCSCP_116142		332	BIRC5	0.410094	0.320497840642929
LINCSCP_116142		348	APOE	-1.44746	0.0244461074471474
LINCSCP_116142		351	APP	-0.291743	0.554958283901215
LINCSCP_116142		355	FAS	0.54079	0.196280837059021
LINCSCP_116142		387	RHOA	-1.20075	0.0296221673488617
LINCSCP_116142		392	ARHGAP1	-0.937052	0.0747102275490761
LINCSCP_116142		427	ASAH1	0.0504542	0.932989895343781
LINCSCP_116142		466	ATF1	1.0129	0.0256073474884033
LINCSCP_116142		481	ATP1B1	0.0142837	0.96772712469101
LINCSCP_116142		501	ALDH7A1	-0.062912	0.865033864974976
LINCSCP_116142		533	ATP6V0B	0.437306	0.277494728565216
LINCSCP_116142		572	BAD	0.592146	0.129680573940277
LINCSCP_116142		581	BAX	0.156492	0.809189975261688
LINCSCP_116142		595	CCND1	0.527934	0.21000163257122
LINCSCP_116142		596	BCL2	-0.982565	0.045295774936676
LINCSCP_116142		622	BDH1	-0.229677	0.498041719198227
LINCSCP_116142		637	BID	-0.347402	0.323361277580261
LINCSCP_116142		642	BLMH	0.478455	0.344838172197342
LINCSCP_116142		644	BLVRA	-0.829128	0.0652041062712669
LINCSCP_116142		652	BMP4	-1.13218	0.0254096388816833
LINCSCP_116142		664	BNIP3	-0.0983653	0.839494943618774
LINCSCP_116142		665	BNIP3L	0.471415	0.243651613593102
LINCSCP_116142		670	BPHL	-0.38068	0.315325170755386
LINCSCP_116142		672	BRCA1	1.05835	0.0270653050392866
LINCSCP_116142		695	BTK	0.00773178	0.98390007019043
LINCSCP_116142		701	BUB1B	-0.947461	0.101769298315048
LINCSCP_116142		727	C5	-0.36819	0.428167164325714
LINCSCP_116142		780	DDR1	-0.743129	0.117614291608334
LINCSCP_116142		808	CALM3	-0.544119	0.346541076898575
LINCSCP_116142		813	CALU	-0.145324	0.73674750328064
LINCSCP_116142		823	CAPN1	-0.339999	0.300297528505325
LINCSCP_116142		831	CAST	0.0754452	0.868777275085449
LINCSCP_116142		835	CASP2	1.02974	0.01961406506598
LINCSCP_116142		836	CASP3	1.17553	0.0123835075646639
LINCSCP_116142		840	CASP7	1.35364	0.0187861435115337
LINCSCP_116142		843	CASP10	1.48068	0.319667100906372
LINCSCP_116142		847	CAT	-0.180128	0.699950039386749
LINCSCP_116142		868	CBLB	-0.437577	0.235672816634178
LINCSCP_116142		873	CBR1	0.0490899	0.877107977867126
LINCSCP_116142		874	CBR3	-0.183785	0.596839189529419
LINCSCP_116142		890	CCNA2	0.611205	0.102124467492104
LINCSCP_116142		891	CCNB1	-0.309981	0.487623900175095
LINCSCP_116142		896	CCND3	1.10887	0.0522807985544205
LINCSCP_116142		899	CCNF	0.547803	0.285253822803497
LINCSCP_116142		902	CCNH	0.384939	0.308782309293747
LINCSCP_116142		949	SCARB1	-0.00195419	0.99782395362854
LINCSCP_116142		958	CD40	-0.818878	0.0790072456002235
LINCSCP_116142		960	CD44	-0.774025	0.226198554039001
LINCSCP_116142		965	CD58	-0.224861	0.547858834266663
LINCSCP_116142		976	ADGRE5	-0.320215	0.389622747898102
LINCSCP_116142		983	CDK1	0.624858	0.206410259008408
LINCSCP_116142		991	CDC20	0.761296	0.0521899983286858
LINCSCP_116142		993	CDC25A	0.340522	0.294724315404892
LINCSCP_116142		994	CDC25B	0.176866	0.674061715602875
LINCSCP_116142		998	CDC42	1.2136	0.0103823086246848
LINCSCP_116142		1001	CDH3	-0.500748	0.200777322053909
LINCSCP_116142		1017	CDK2	0.014046	0.96442323923111
LINCSCP_116142		1019	CDK4	-0.217439	0.770634949207306
LINCSCP_116142		1021	CDK6	-0.0100567	0.983013570308685
LINCSCP_116142		1022	CDK7	0.415242	0.425363063812256
LINCSCP_116142		1026	CDKN1A	0.667255	0.162909165024757
LINCSCP_116142		1027	CDKN1B	0.787379	0.0588005147874355
LINCSCP_116142		1029	CDKN2A	-0.800818	0.0773936659097672
LINCSCP_116142		1050	CEBPA	0.260394	0.594178199768066
LINCSCP_116142		1052	CEBPD	-0.0410446	0.90691351890564
LINCSCP_116142		1062	CENPE	0.426414	0.212155163288116
LINCSCP_116142		1070	CETN3	0.806331	0.0594257861375809
LINCSCP_116142		1111	CHEK1	1.09018	0.0868136659264565
LINCSCP_116142		1123	CHN1	0.614516	0.0915704295039177
LINCSCP_116142		1153	CIRBP	-0.62763	0.174586519598961
LINCSCP_116142		1212	CLTB	-0.753293	0.083482526242733
LINCSCP_116142		1213	CLTC	0.174567	0.672293543815613
LINCSCP_116142		1277	COL1A1	-0.189138	0.579894721508026
LINCSCP_116142		1282	COL4A1	-0.57087	0.313824862241745
LINCSCP_116142		1385	CREB1	1.50073	0.0789155811071396
LINCSCP_116142		1398	CRK	0.448678	0.254585385322571
LINCSCP_116142		1399	CRKL	-0.287903	0.433390766382217
LINCSCP_116142		1429	CRYZ	1.04543	0.0322071090340614
LINCSCP_116142		1445	CSK	-0.444098	0.248544275760651
LINCSCP_116142		1452	CSNK1A1	-0.347203	0.528696477413177
LINCSCP_116142		1454	CSNK1E	0.182553	0.679023146629333
LINCSCP_116142		1459	CSNK2A2	-0.963889	0.0820317789912224
LINCSCP_116142		1465	CSRP1	-6.33226	0.0408272333443165
LINCSCP_116142		1500	CTNND1	-0.226932	0.68031919002533
LINCSCP_116142		1509	CTSD	-1.22324	0.0766125917434692
LINCSCP_116142		1514	CTSL	-0.197813	0.628753900527954
LINCSCP_116142		1534	CYB561	-0.65734	0.114958040416241
LINCSCP_116142		1605	DAG1	-0.268544	0.477429062128067
LINCSCP_116142		1616	DAXX	-0.621607	0.143994554877281
LINCSCP_116142		1633	DCK	0.831509	0.056266512721777
LINCSCP_116142		1635	DCTD	-0.500066	0.495634794235229
LINCSCP_116142		1643	DDB2	-0.362494	0.378874808549881
LINCSCP_116142		1647	GADD45A	-0.153225	0.694145381450653
LINCSCP_116142		1662	DDX10	-2.83835	0.142906308174133
LINCSCP_116142		1666	DECR1	0.785936	0.0456675589084625
LINCSCP_116142		1676	DFFA	-0.38247	0.311322540044785
LINCSCP_116142		1677	DFFB	-0.440639	0.248594731092453
LINCSCP_116142		1738	DLD	0.979615	0.0413649193942547
LINCSCP_116142		1759	DNM1	-0.351299	0.338710010051727
LINCSCP_116142		1786	DNMT1	0.0270088	0.931852340698242
LINCSCP_116142		1788	DNMT3A	-0.241883	0.497049182653427
LINCSCP_116142		1802	DPH2	0.577825	0.137635469436646
LINCSCP_116142		1829	DSG2	0.00675869	0.98337334394455
LINCSCP_116142		1831	TSC22D3	-0.685277	0.199163019657135
LINCSCP_116142		1845	DUSP3	1.21333	0.0389903746545315
LINCSCP_116142		1846	DUSP4	0.678171	0.100689820945263
LINCSCP_116142		1848	DUSP6	0.235879	0.517104983329773
LINCSCP_116142		1861	TOR1A	0.362713	0.37339261174202
LINCSCP_116142		1870	E2F2	-0.486797	0.382589906454086
LINCSCP_116142		1891	ECH1	-0.911236	0.040220744907856
LINCSCP_116142		1906	EDN1	0.812593	0.0549942180514336
LINCSCP_116142		1950	EGF	0.552345	0.231082275509834
LINCSCP_116142		1956	EGFR	0.702087	0.100840449333191
LINCSCP_116142		1958	EGR1	0.717371	0.089197002351284
LINCSCP_116142		1978	EIF4EBP1	-0.871568	0.165114685893059
LINCSCP_116142		1981	EIF4G1	-0.396596	0.563031375408173
LINCSCP_116142		1983	EIF5	0.559162	0.148130685091019
LINCSCP_116142		1994	ELAVL1	-5.28188e-05	0.999898791313171
LINCSCP_116142		2017	CTTN	0.537754	0.249703332781792
LINCSCP_116142		2037	EPB41L2	0.671859	0.0985603556036949
LINCSCP_116142		2042	EPHA3	-0.495688	0.262537598609924
LINCSCP_116142		2048	EPHB2	-1.40628	0.0055649355053901
LINCSCP_116142		2058	EPRS	-0.438948	0.303966403007507
LINCSCP_116142		2063	NR2F6	-0.0250852	0.952785849571228
LINCSCP_116142		2064	ERBB2	1.00559	0.0713068395853043
LINCSCP_116142		2065	ERBB3	-0.434773	0.294452369213104
LINCSCP_116142		2109	ETFB	-0.692265	0.531896352767944
LINCSCP_116142		2113	ETS1	-0.05809	0.863126933574677
LINCSCP_116142		2115	ETV1	0.0212411	0.959660410881042
LINCSCP_116142		2131	EXT1	-0.75572	0.142480313777924
LINCSCP_116142		2146	EZH2	0.117916	0.727499425411224
LINCSCP_116142		2184	FAH	-0.737567	0.380924105644226
LINCSCP_116142		2185	PTK2B	-0.11566	0.762727797031403
LINCSCP_116142		2195	FAT1	0.248768	0.594897568225861
LINCSCP_116142		2222	FDFT1	1.12578	0.0183412116020918
LINCSCP_116142		2263	FGFR2	-0.719163	0.102679572999477
LINCSCP_116142		2264	FGFR4	0.339094	0.448712557554245
LINCSCP_116142		2274	FHL2	0.748906	0.231443002820015
LINCSCP_116142		2288	FKBP4	-0.830146	0.149957299232483
LINCSCP_116142		2309	FOXO3	0.085085	0.808883428573608
LINCSCP_116142		2353	FOS	-1.13497	0.0155472317710519
LINCSCP_116142		2356	FPGS	0.631395	0.235434770584106
LINCSCP_116142		2523	FUT1	-0.343479	0.366102457046509
LINCSCP_116142		2534	FYN	-0.359912	0.31779408454895
LINCSCP_116142		2542	SLC37A4	0.664329	0.202928006649017
LINCSCP_116142		2548	GAA	-0.0936514	0.839641213417053
LINCSCP_116142		2553	GABPB1	0.597987	0.419940620660782
LINCSCP_116142		2582	GALE	-0.664609	0.312097370624542
LINCSCP_116142		2597	GAPDH	-0.279602	0.395116418600082
LINCSCP_116142		2624	GATA2	0.823874	0.133676886558533
LINCSCP_116142		2625	GATA3	-0.0818208	0.839648425579071
LINCSCP_116142		2673	GFPT1	0.612323	0.107787609100342
LINCSCP_116142		2690	GHR	0.175065	0.581315279006958
LINCSCP_116142		2736	GLI2	0.127786	0.726847469806671
LINCSCP_116142		2745	GLRX	0.805827	0.124637775123119
LINCSCP_116142		2767	GNA11	0.208863	0.662235856056213
LINCSCP_116142		2769	GNA15	-0.572482	0.155198767781258
LINCSCP_116142		2770	GNAI1	0.749076	0.100155644118786
LINCSCP_116142		2771	GNAI2	-1.0937	0.173093020915985
LINCSCP_116142		2778	GNAS	-0.20261	0.517863392829895
LINCSCP_116142		2810	SFN	-0.0224834	0.945183336734772
LINCSCP_116142		2817	GPC1	-1.18826	0.0138855231925845
LINCSCP_116142		2852	GPER1	-0.206195	0.555675804615021
LINCSCP_116142		2886	GRB7	-0.233005	0.561178803443909
LINCSCP_116142		2887	GRB10	1.30825	0.139954775571823
LINCSCP_116142		2896	GRN	-1.12658	0.121719546616077
LINCSCP_116142		2908	NR3C1	0.286749	0.42599031329155
LINCSCP_116142		2920	CXCL2	-0.187617	0.545950829982758
LINCSCP_116142		2946	GSTM2	0.161039	0.6517413854599
LINCSCP_116142		2954	GSTZ1	-1.60792	0.0153933428227901
LINCSCP_116142		2956	MSH6	0.173085	0.682750165462494
LINCSCP_116142		2958	GTF2A2	0.5575	0.132923662662506
LINCSCP_116142		2961	GTF2E2	1.00582	0.0249055307358503
LINCSCP_116142		3028	HSD17B10	0.00229869	0.994204223155975
LINCSCP_116142		3033	HADH	0.394132	0.267226725816727
LINCSCP_116142		3066	HDAC2	0.782882	0.060541033744812
LINCSCP_116142		3091	HIF1A	0.620041	0.220235273241997
LINCSCP_116142		3098	HK1	-1.33338	0.158855706453323
LINCSCP_116142		3108	HLA-DMA	0.305397	0.539820849895477
LINCSCP_116142		3122	HLA-DRA	-0.727335	0.140536159276962
LINCSCP_116142		3156	HMGCR	0.0313861	0.938436150550842
LINCSCP_116142		3157	HMGCS1	0.532657	0.160159051418304
LINCSCP_116142		3162	HMOX1	1.1914	0.0173504631966352
LINCSCP_116142		3202	HOXA5	0.0962917	0.752388775348663
LINCSCP_116142		3206	HOXA10	-0.147018	0.715548276901245
LINCSCP_116142		3251	HPRT1	1.12739	0.0172782354056835
LINCSCP_116142		3280	HES1	0.499384	0.169098109006882
LINCSCP_116142		3300	DNAJB2	-0.54152	0.195262774825096
LINCSCP_116142		3303	HSPA1A	1.07349	0.0183770097792149
LINCSCP_116142		3308	HSPA4	-0.517564	0.172817051410675
LINCSCP_116142		3312	HSPA8	1.25715	0.0231070760637522
LINCSCP_116142		3315	HSPB1	-1.13057	0.0243568234145641
LINCSCP_116142		3329	HSPD1	0.325833	0.383025258779526
LINCSCP_116142		3337	DNAJB1	3.10718	0.0428294986486435
LINCSCP_116142		3383	ICAM1	-1.11173	0.0432299561798573
LINCSCP_116142		3385	ICAM3	0.969611	0.023059893399477
LINCSCP_116142		3398	ID2	0.118349	0.728027522563934
LINCSCP_116142		3416	IDE	0.0872698	0.794197678565979
LINCSCP_116142		3454	IFNAR1	-0.160908	0.707955420017242
LINCSCP_116142		3480	IGF1R	-0.559185	0.147527351975441
LINCSCP_116142		3482	IGF2R	-1.00194	0.0199973452836275
LINCSCP_116142		3486	IGFBP3	-0.950043	0.0281244274228811
LINCSCP_116142		3508	IGHMBP2	-0.756874	0.146427199244499
LINCSCP_116142		3551	IKBKB	-0.00674784	0.988098382949829
LINCSCP_116142		3553	IL1B	-0.283092	0.384223073720932
LINCSCP_116142		3566	IL4R	1.18163	0.42481255531311
LINCSCP_116142		3597	IL13RA1	-0.801766	0.0668018609285355
LINCSCP_116142		3611	ILK	-0.158242	0.674895346164703
LINCSCP_116142		3628	INPP1	0.331703	0.309310048818588
LINCSCP_116142		3638	INSIG1	1.00987	0.0194499790668488
LINCSCP_116142		3682	ITGAE	0.126048	0.772433698177338
LINCSCP_116142		3693	ITGB5	-0.129905	0.798243343830109
LINCSCP_116142		3725	JUN	0.201926	0.538906514644623
LINCSCP_116142		3775	KCNK1	-1.1988	0.0493432655930519
LINCSCP_116142		3800	KIF5C	-0.431023	0.466316074132919
LINCSCP_116142		3815	KIT	-0.0776495	0.856316566467285
LINCSCP_116142		3895	KTN1	-0.0203404	0.966060876846313
LINCSCP_116142		3909	LAMA3	-0.334385	0.373270988464355
LINCSCP_116142		3925	STMN1	0.144024	0.662735939025879
LINCSCP_116142		3930	LBR	0.905018	0.0338564477860928
LINCSCP_116142		3964	LGALS8	-1.03211	0.0674440413713455
LINCSCP_116142		3978	LIG1	-0.0183033	0.961815893650055
LINCSCP_116142		3988	LIPA	0.255924	0.517229557037354
LINCSCP_116142		4016	LOXL1	-0.116708	0.835709810256958
LINCSCP_116142		4043	LRPAP1	-0.274918	0.45636522769928
LINCSCP_116142		4067	LYN	-0.512208	0.186647519469261
LINCSCP_116142		4088	SMAD3	0.331071	0.521484434604645
LINCSCP_116142		4125	MAN2B1	-0.332169	0.409395545721054
LINCSCP_116142		4144	MAT2A	0.587821	0.118572793900967
LINCSCP_116142		4154	MBNL1	0.56933	0.125482589006424
LINCSCP_116142		4172	MCM3	0.353845	0.353587061166763
LINCSCP_116142		4200	ME2	0.107932	0.748778462409973
LINCSCP_116142		4208	MEF2C	-0.433152	0.293098121881485
LINCSCP_116142		4216	MAP3K4	0.469283	0.172567278146744
LINCSCP_116142		4232	MEST	-0.732771	0.180505692958832
LINCSCP_116142		4282	MIF	0.835893	0.0381990186870098
LINCSCP_116142		4303	FOXO4	0.206149	0.560566782951355
LINCSCP_116142		4312	MMP1	-0.239026	0.540020108222961
LINCSCP_116142		4313	MMP2	-0.954841	0.0413094647228718
LINCSCP_116142		4331	MNAT1	1.63265	0.0506897680461407
LINCSCP_116142		4482	MSRA	-0.145398	0.660092949867249
LINCSCP_116142		4582	MUC1	-1.85783	0.110938854515553
LINCSCP_116142		4605	MYBL2	-1.35931	0.0897698104381561
LINCSCP_116142		4609	MYC	0.491948	0.154809132218361
LINCSCP_116142		4616	GADD45B	0.110278	0.788918793201447
LINCSCP_116142		4638	MYLK	0.14891	0.883046567440033
LINCSCP_116142		4651	MYO10	-0.230255	0.577243387699127
LINCSCP_116142		4690	NCK1	0.533887	0.233526691794395
LINCSCP_116142		4775	NFATC3	2.10715	0.308875262737274
LINCSCP_116142		4776	NFATC4	-1.33317	0.0182781908661127
LINCSCP_116142		4780	NFE2L2	-0.903701	0.0896978825330734
LINCSCP_116142		4783	NFIL3	-0.366234	0.292832404375076
LINCSCP_116142		4791	NFKB2	-0.62567	0.265335738658905
LINCSCP_116142		4792	NFKBIA	0.413527	0.229319214820862
LINCSCP_116142		4793	NFKBIB	-0.200795	0.694976329803467
LINCSCP_116142		4794	NFKBIE	-0.337663	0.401506364345551
LINCSCP_116142		4817	NIT1	-0.734272	0.133350238204002
LINCSCP_116142		4836	NMT1	-0.546166	0.130661696195602
LINCSCP_116142		4846	NOS3	-0.723198	0.0764339566230774
LINCSCP_116142		4850	CNOT4	0.350682	0.418396353721619
LINCSCP_116142		4851	NOTCH1	-0.637049	0.139429479837418
LINCSCP_116142		4860	PNP	0.794574	0.0786303281784058
LINCSCP_116142		4864	NPC1	0.576014	0.180056631565094
LINCSCP_116142		4891	SLC11A2	-0.740615	0.0587490126490593
LINCSCP_116142		4893	NRAS	0.981425	0.0583061426877975
LINCSCP_116142		4925	NUCB2	-3.50678	0.0747621431946754
LINCSCP_116142		4927	NUP88	0.228057	0.466413587331772
LINCSCP_116142		4931	NVL	-0.14955	0.774657964706421
LINCSCP_116142		4998	ORC1	-0.73457	0.159345045685768
LINCSCP_116142		5018	OXA1L	-0.0475287	0.945055544376373
LINCSCP_116142		5019	OXCT1	0.318834	0.427613258361816
LINCSCP_116142		5048	PAFAH1B1	-0.869127	0.0385390669107437
LINCSCP_116142		5050	PAFAH1B3	-0.201392	0.687630534172058
LINCSCP_116142		5054	SERPINE1	0.790924	0.102687366306782
LINCSCP_116142		5058	PAK1	0.283141	0.496103376150131
LINCSCP_116142		5092	PCBD1	-1.31834	0.0071034072898328
LINCSCP_116142		5096	PCCB	-0.593135	0.34684681892395
LINCSCP_116142		5106	PCK2	-0.382816	0.263892650604248
LINCSCP_116142		5108	PCM1	0.320444	0.424800246953964
LINCSCP_116142		5110	PCMT1	1.01903	0.0295278616249561
LINCSCP_116142		5111	PCNA	0.515354	0.21122744679451
LINCSCP_116142		5154	PDGFA	0.602451	0.14127354323864
LINCSCP_116142		5211	PFKL	2.22799	0.396056145429611
LINCSCP_116142		5223	PGAM1	-0.407854	0.223493531346321
LINCSCP_116142		5236	PGM1	-0.300164	0.350836724042892
LINCSCP_116142		5255	PHKA1	3.05206	0.255010962486267
LINCSCP_116142		5257	PHKB	0.0408064	0.950948536396027
LINCSCP_116142		5261	PHKG2	0.363787	0.458901524543762
LINCSCP_116142		5287	PIK3C2B	-0.769335	0.0825215950608253
LINCSCP_116142		5289	PIK3C3	-0.223087	0.508525669574738
LINCSCP_116142		5290	PIK3CA	0.0130298	0.97092467546463
LINCSCP_116142		5300	PIN1	-2.79103	0.159051299095154
LINCSCP_116142		5321	PLA2G4A	-1.06343	0.0577921755611897
LINCSCP_116142		5331	PLCB3	-0.267636	0.659857332706451
LINCSCP_116142		5347	PLK1	-0.0888203	0.813010573387146
LINCSCP_116142		5355	PLP2	-1.14787	0.0422108173370361
LINCSCP_116142		5357	PLS1	-0.538295	0.148003131151199
LINCSCP_116142		5359	PLSCR1	1.41896	0.138739690184593
LINCSCP_116142		5366	PMAIP1	0.672493	0.0782092958688736
LINCSCP_116142		5373	PMM2	-0.938476	0.131836742162704
LINCSCP_116142		5423	POLB	0.341845	0.348675668239594
LINCSCP_116142		5427	POLE2	0.34006	0.403154164552689
LINCSCP_116142		5438	POLR2I	-0.50309	0.329202443361282
LINCSCP_116142		5440	POLR2K	0.760013	0.0500461757183075
LINCSCP_116142		5467	PPARD	-1.16089	0.0863416865468025
LINCSCP_116142		5468	PPARG	0.238522	0.621620953083038
LINCSCP_116142		5480	PPIC	-0.425386	0.362213104963303
LINCSCP_116142		5498	PPOX	2.03458	0.229118749499321
LINCSCP_116142		5525	PPP2R5A	-0.694092	0.125871077179909
LINCSCP_116142		5529	PPP2R5E	-0.42735	0.429121375083923
LINCSCP_116142		5547	PRCP	0.244037	0.586681187152863
LINCSCP_116142		5566	PRKACA	-0.988736	0.0350565649569035
LINCSCP_116142		5580	PRKCD	-0.740489	0.398432821035385
LINCSCP_116142		5583	PRKCH	-0.749707	0.0610128156840801
LINCSCP_116142		5588	PRKCQ	-0.202686	0.59107381105423
LINCSCP_116142		5601	MAPK9	-0.171468	0.654899299144745
LINCSCP_116142		5603	MAPK13	0.00362755	0.991810023784637
LINCSCP_116142		5607	MAP2K5	-1.27171	0.0266332253813744
LINCSCP_116142		5613	PRKX	-0.414425	0.215899810194969
LINCSCP_116142		5627	PROS1	-0.407591	0.337431669235229
LINCSCP_116142		5641	LGMN	0.300873	0.399790734052658
LINCSCP_116142		5654	HTRA1	0.53616	0.478551238775253
LINCSCP_116142		5696	PSMB8	-0.423176	0.484417080879211
LINCSCP_116142		5699	PSMB10	-1.13438	0.0403679013252258
LINCSCP_116142		5708	PSMD2	-0.695117	0.148335203528404
LINCSCP_116142		5710	PSMD4	-0.334203	0.454883337020874
LINCSCP_116142		5715	PSMD9	0.0727916	0.837866365909576
LINCSCP_116142		5716	PSMD10	0.495161	0.165753811597824
LINCSCP_116142		5720	PSME1	-0.515866	0.282441258430481
LINCSCP_116142		5721	PSME2	-1.07055	0.138068944215775
LINCSCP_116142		5743	PTGS2	0.717892	0.479591459035873
LINCSCP_116142		5747	PTK2	-0.350144	0.465868532657623
LINCSCP_116142		5770	PTPN1	0.635025	0.176917731761932
LINCSCP_116142		5777	PTPN6	-0.61053	0.187496215105057
LINCSCP_116142		5782	PTPN12	0.673439	0.0731967911124229
LINCSCP_116142		5788	PTPRC	-0.603081	0.375256389379501
LINCSCP_116142		5792	PTPRF	-0.56585	0.284524023532867
LINCSCP_116142		5796	PTPRK	-0.254612	0.62413614988327
LINCSCP_116142		5827	PXMP2	0.0184676	0.957681596279144
LINCSCP_116142		5829	PXN	-0.0177867	0.967770159244537
LINCSCP_116142		5831	PYCR1	-1.90636	0.0417600683867931
LINCSCP_116142		5836	PYGL	-0.040773	0.919235110282898
LINCSCP_116142		5867	RAB4A	0.125717	0.736800730228424
LINCSCP_116142		5873	RAB27A	-0.0346595	0.920681297779083
LINCSCP_116142		5880	RAC2	0.432638	0.423627018928528
LINCSCP_116142		5883	RAD9A	0.141361	0.681406259536743
LINCSCP_116142		5889	RAD51C	0.0801449	0.821081817150116
LINCSCP_116142		5891	MOK	0.218132	0.660489082336426
LINCSCP_116142		5898	RALA	0.97701	0.038218941539526
LINCSCP_116142		5899	RALB	-0.0367066	0.904527842998505
LINCSCP_116142		5900	RALGDS	-0.717907	0.112186849117279
LINCSCP_116142		5909	RAP1GAP	-0.93937	0.0446956381201744
LINCSCP_116142		5921	RASA1	0.178849	0.682159543037415
LINCSCP_116142		5925	RB1	-0.367865	0.422176271677017
LINCSCP_116142		5927	KDM5A	3.99544	0.125306889414787
LINCSCP_116142		5971	RELB	-1.25332	0.0136580234393477
LINCSCP_116142		5982	RFC2	-0.946831	0.0363313406705856
LINCSCP_116142		5985	RFC5	0.14656	0.749987423419952
LINCSCP_116142		5986	RFNG	-1.08916	0.0241916812956333
LINCSCP_116142		5993	RFX5	0.185164	0.562700629234314
LINCSCP_116142		5997	RGS2	-0.216938	0.532818615436554
LINCSCP_116142		6009	RHEB	-1.01507	0.0352705307304859
LINCSCP_116142		6050	RNH1	-4.63935	0.0573389083147049
LINCSCP_116142		6117	RPA1	-0.607545	0.216002449393272
LINCSCP_116142		6118	RPA2	-0.709795	0.143964767456055
LINCSCP_116142		6119	RPA3	0.368496	0.42813116312027
LINCSCP_116142		6182	MRPL12	-0.0891982	0.795073091983795
LINCSCP_116142		6184	RPN1	0.505892	0.287192136049271
LINCSCP_116142		6193	RPS5	0.431838	0.227578699588776
LINCSCP_116142		6194	RPS6	-0.522661	0.191008448600769
LINCSCP_116142		6195	RPS6KA1	0.75371	0.0788976550102234
LINCSCP_116142		6251	RSU1	0.137389	0.761679351329803
LINCSCP_116142		6253	RTN2	-1.03062	0.0412887223064899
LINCSCP_116142		6275	S100A4	-0.282658	0.555229425430298
LINCSCP_116142		6284	S100A13	-0.217169	0.513847649097443
LINCSCP_116142		6304	SATB1	0.0590606	0.861909627914429
LINCSCP_116142		6342	SCP2	-0.00266189	0.994582891464233
LINCSCP_116142		6347	CCL2	-0.676597	0.166060522198677
LINCSCP_116142		6390	SDHB	0.449226	0.257556855678558
LINCSCP_116142		6443	SGCB	0.655517	0.11707066744566
LINCSCP_116142		6461	SHB	-0.528262	0.270728200674057
LINCSCP_116142		6464	SHC1	-0.476139	0.229906648397446
LINCSCP_116142		6499	SKIV2L	0.0345925	0.917089521884918
LINCSCP_116142		6500	SKP1	0.69573	0.162218183279037
LINCSCP_116142		6509	SLC1A4	0.793213	0.0712119415402412
LINCSCP_116142		6597	SMARCA4	-0.189833	0.731692910194397
LINCSCP_116142		6599	SMARCC1	-0.228542	0.620970487594604
LINCSCP_116142		6603	SMARCD2	-0.908188	0.0955124571919441
LINCSCP_116142		6616	SNAP25	-1.20256	0.0121745551005006
LINCSCP_116142		6622	SNCA	-0.584392	0.125514090061188
LINCSCP_116142		6657	SOX2	-1.04315	0.023474745452404
LINCSCP_116142		6659	SOX4	-0.309595	0.343245387077332
LINCSCP_116142		6676	SPAG4	-0.45426	0.235813856124878
LINCSCP_116142		6696	SPP1	-0.141765	0.702942609786987
LINCSCP_116142		6697	SPR	-2.20828	0.207527503371239
LINCSCP_116142		6709	SPTAN1	0.909948	0.0405605658888817
LINCSCP_116142		6714	SRC	0.1385	0.700933635234833
LINCSCP_116142		6772	STAT1	0.730635	0.419712781906128
LINCSCP_116142		6774	STAT3	-0.654123	0.240996986627579
LINCSCP_116142		6777	STAT5B	-0.49592	0.348526269197464
LINCSCP_116142		6790	AURKA	0.595279	0.147825166583061
LINCSCP_116142		6793	STK10	0.620721	0.393107533454895
LINCSCP_116142		6804	STX1A	-0.348148	0.29739236831665
LINCSCP_116142		6810	STX4	-0.939526	0.024932499974966
LINCSCP_116142		6812	STXBP1	-0.192452	0.634999513626099
LINCSCP_116142		6813	STXBP2	0.166858	0.627879679203033
LINCSCP_116142		6832	SUPV3L1	-0.238477	0.684156656265259
LINCSCP_116142		6839	SUV39H1	0.0974929	0.784293532371521
LINCSCP_116142		6850	SYK	-0.791899	0.14463272690773
LINCSCP_116142		6856	SYPL1	0.884542	0.177598655223846
LINCSCP_116142		6894	TARBP1	-0.604907	0.29081392288208
LINCSCP_116142		6908	TBP	0.734608	0.141349256038666
LINCSCP_116142		6909	TBX2	-0.247634	0.603120625019073
LINCSCP_116142		6915	TBXA2R	1.57457	0.359282672405243
LINCSCP_116142		6919	TCEA2	-1.10252	0.0171852745115757
LINCSCP_116142		6944	VPS72	-0.657184	0.12369079887867
LINCSCP_116142		6988	TCTA	-0.254244	0.558608770370483
LINCSCP_116142		6990	DYNLT3	0.650875	0.117709048092365
LINCSCP_116142		7015	TERT	-0.390348	0.497505187988281
LINCSCP_116142		7016	TESK1	-0.166442	0.769571721553802
LINCSCP_116142		7020	TFAP2A	-0.0854453	0.789730846881866
LINCSCP_116142		7027	TFDP1	0.491439	0.219125211238861
LINCSCP_116142		7043	TGFB3	-0.460773	0.17533828318119
LINCSCP_116142		7048	TGFBR2	-0.926069	0.19957435131073
LINCSCP_116142		7074	TIAM1	-0.690002	0.214915439486504
LINCSCP_116142		7077	TIMP2	-0.598527	0.234876915812492
LINCSCP_116142		7082	TJP1	0.102552	0.818862080574036
LINCSCP_116142		7088	TLE1	0.421626	0.322137773036957
LINCSCP_116142		7099	TLR4	2.71435	0.118321523070335
LINCSCP_116142		7105	TSPAN6	0.0931963	0.83219313621521
LINCSCP_116142		7106	TSPAN4	-0.746429	0.154872238636017
LINCSCP_116142		7153	TOP2A	0.334404	0.304062783718109
LINCSCP_116142		7157	TP53	0.016175	0.973629951477051
LINCSCP_116142		7158	TP53BP1	-0.162418	0.623910844326019
LINCSCP_116142		7159	TP53BP2	0.388933	0.52998685836792
LINCSCP_116142		7165	TPD52L2	-0.930464	0.0935952812433243
LINCSCP_116142		7168	TPM1	0.487591	0.305167824029922
LINCSCP_116142		7264	TSTA3	-1.05593	0.182618677616119
LINCSCP_116142		7296	TXNRD1	0.920225	0.0274773817509413
LINCSCP_116142		7319	UBE2A	0.487035	0.276285976171494
LINCSCP_116142		7358	UGDH	1.83836	0.0022961464710533
LINCSCP_116142		7376	NR1H2	-1.08058	0.0240565855056047
LINCSCP_116142		7398	USP1	0.527045	0.177328884601593
LINCSCP_116142		7416	VDAC1	0.414309	0.330954253673553
LINCSCP_116142		7466	WFS1	-0.478571	0.342121362686157
LINCSCP_116142		7485	WRB	0.236272	0.502972424030304
LINCSCP_116142		7494	XBP1	-0.4953	0.1734639108181
LINCSCP_116142		7511	XPNPEP1	-0.631033	0.0901645720005035
LINCSCP_116142		7538	ZFP36	0.583439	0.218576729297638
LINCSCP_116142		7690	ZNF131	-0.325487	0.42392110824585
LINCSCP_116142		7750	ZMYM2	0.401819	0.499369114637375
LINCSCP_116142		7849	PAX8	-0.357999	0.467489868402481
LINCSCP_116142		7852	CXCR4	1.99898	0.245109632611275
LINCSCP_116142		7866	IFRD2	0.204053	0.531891345977783
LINCSCP_116142		7867	MAPKAPK3	0.237788	0.463336229324341
LINCSCP_116142		7874	USP7	0.96582	0.027615899220109
LINCSCP_116142		7905	REEP5	-0.71602	0.627247393131256
LINCSCP_116142		7982	ST7	0.0441238	0.91875422000885
LINCSCP_116142		7994	KAT6A	0.411289	0.217965707182884
LINCSCP_116142		8050	PDHX	-0.0753642	0.89989173412323
LINCSCP_116142		8061	FOSL1	0.242269	0.440522879362106
LINCSCP_116142		8091	HMGA2	-0.186383	0.787656784057617
LINCSCP_116142		8202	NCOA3	0.390233	0.367207765579224
LINCSCP_116142		8204	NRIP1	0.421137	0.22944512963295
LINCSCP_116142		8243	SMC1A	0.0100788	0.984508395195007
LINCSCP_116142		8270	LAGE3	-0.116057	0.775064051151276
LINCSCP_116142		8312	AXIN1	-0.523269	0.141323953866959
LINCSCP_116142		8318	CDC45	-0.466848	0.447375178337097
LINCSCP_116142		8321	FZD1	-0.931288	0.0536586791276932
LINCSCP_116142		8324	FZD7	0.0413679	0.903595268726349
LINCSCP_116142		8349	HIST2H2BE	-0.736875	0.0598607808351517
LINCSCP_116142		8396	PIP4K2B	0.952469	0.0478038005530834
LINCSCP_116142		8440	NCK2	0.195944	0.806128263473511
LINCSCP_116142		8444	DYRK3	0.558147	0.265916585922241
LINCSCP_116142		8446	DUSP11	-0.77089	0.251805573701859
LINCSCP_116142		8480	RAE1	0.470307	0.221509262919426
LINCSCP_116142		8503	PIK3R3	0.325668	0.31464958190918
LINCSCP_116142		8508	NIPSNAP1	-0.0491671	0.906376004219055
LINCSCP_116142		8518	IKBKAP	-0.23693	0.54141229391098
LINCSCP_116142		8520	HAT1	0.70269	0.0967859476804733
LINCSCP_116142		8550	MAPKAPK5	0.150154	0.74920791387558
LINCSCP_116142		8553	BHLHE40	-0.0794342	0.813906133174896
LINCSCP_116142		8569	MKNK1	-0.551311	0.216234028339386
LINCSCP_116142		8573	CASK	0.15528	0.663454592227936
LINCSCP_116142		8574	AKR7A2	-0.667649	0.151293829083443
LINCSCP_116142		8607	RUVBL1	0.598005	0.415095597505569
LINCSCP_116142		8624	PSMG1	0.792338	0.060194443911314
LINCSCP_116142		8678	BECN1	-0.514904	0.48489511013031
LINCSCP_116142		8720	MBTPS1	-0.102349	0.829566121101379
LINCSCP_116142		8726	EED	1.04045	0.0218775104731321
LINCSCP_116142		8727	CTNNAL1	0.256662	0.430343240499496
LINCSCP_116142		8731	RNMT	-0.0139766	0.97216409444809
LINCSCP_116142		8800	PEX11A	3.3907	0.213399335741997
LINCSCP_116142		8804	CREG1	-0.938101	0.0427612960338593
LINCSCP_116142		8821	INPP4B	0.621161	0.471089690923691
LINCSCP_116142		8826	IQGAP1	-0.416681	0.291117161512375
LINCSCP_116142		8835	SOCS2	-0.640649	0.173362448811531
LINCSCP_116142		8837	CFLAR	-0.950024	0.0267178975045681
LINCSCP_116142		8851	CDK5R1	2.12911	0.0953000038862228
LINCSCP_116142		8869	ST3GAL5	0.430802	0.236572965979576
LINCSCP_116142		8870	IER3	0.0711541	0.818071782588959
LINCSCP_116142		8878	SQSTM1	0.179415	0.564276516437531
LINCSCP_116142		8884	SLC5A6	0.147444	0.800231337547302
LINCSCP_116142		8895	CPNE3	1.04011	0.0175269711762667
LINCSCP_116142		8900	CCNA1	-0.158844	0.642395496368408
LINCSCP_116142		8914	TIMELESS	-0.652114	0.0852955654263496
LINCSCP_116142		8974	P4HA2	-0.703605	0.120711430907249
LINCSCP_116142		8985	PLOD3	-0.364843	0.492166042327881
LINCSCP_116142		8996	NOL3	-1.15606	0.0133547317236662
LINCSCP_116142		9016	SLC25A14	0.149907	0.648724853992462
LINCSCP_116142		9019	MPZL1	1.03737	0.14251446723938
LINCSCP_116142		9053	MAP7	5.87108	0.0722646489739418
LINCSCP_116142		9093	DNAJA3	-0.934559	0.0751765295863152
LINCSCP_116142		9097	USP14	-0.571063	0.282031208276749
LINCSCP_116142		9112	MTA1	-1.29558	0.022080909460783
LINCSCP_116142		9124	PDLIM1	0.0128375	0.967914462089539
LINCSCP_116142		9126	SMC3	-0.163065	0.604456961154938
LINCSCP_116142		9128	PRPF4	0.72714	0.0984429568052292
LINCSCP_116142		9133	CCNB2	-0.122019	0.813581943511963
LINCSCP_116142		9134	CCNE2	0.94642	0.0420039929449558
LINCSCP_116142		9143	SYNGR3	-0.179312	0.659658312797546
LINCSCP_116142		9170	LPAR2	-0.531838	0.295178234577179
LINCSCP_116142		9181	ARHGEF2	-0.263664	0.571730375289917
LINCSCP_116142		9183	ZW10	-0.286539	0.370126992464066
LINCSCP_116142		9212	AURKB	-0.156277	0.666132867336273
LINCSCP_116142		9217	VAPB	0.141469	0.64831554889679
LINCSCP_116142		9221	NOLC1	0.0588384	0.890901803970337
LINCSCP_116142		9246	UBE2L6	-0.674693	0.339342772960663
LINCSCP_116142		9261	MAPKAPK2	-0.184477	0.590034008026123
LINCSCP_116142		9267	CYTH1	-0.28318	0.427757322788239
LINCSCP_116142		9270	ITGB1BP1	0.329079	0.497936695814133
LINCSCP_116142		9275	BCL7B	0.250155	0.550505459308624
LINCSCP_116142		9276	COPB2	-0.275953	0.453339040279388
LINCSCP_116142		9289	ADGRG1	-0.241147	0.625564754009247
LINCSCP_116142		9375	TM9SF2	0.240944	0.558945119380951
LINCSCP_116142		9448	MAP4K4	0.505469	0.30565345287323
LINCSCP_116142		9455	HOMER2	-0.877385	0.0395972467958927
LINCSCP_116142		9467	SH3BP5	-0.814128	0.0733232870697975
LINCSCP_116142		9488	PIGB	-1.4343	0.0389466695487499
LINCSCP_116142		9491	PSMF1	-0.298474	0.608990132808685
LINCSCP_116142		9517	SPTLC2	0.406165	0.271470457315445
LINCSCP_116142		9519	TBPL1	-0.0380497	0.942118525505066
LINCSCP_116142		9531	BAG3	0.314021	0.389342188835144
LINCSCP_116142		9533	POLR1C	0.533013	0.149949103593826
LINCSCP_116142		9552	SPAG7	-0.0817338	0.858825027942657
LINCSCP_116142		9637	FEZ2	-0.156367	0.644445598125458
LINCSCP_116142		9641	IKBKE	2.92567	0.282468140125275
LINCSCP_116142		9650	MTFR1	-0.0331046	0.948750495910645
LINCSCP_116142		9653	HS2ST1	-0.298161	0.434034287929535
LINCSCP_116142		9670	IPO13	-1.00642	0.0427910163998604
LINCSCP_116142		9686	VGLL4	-0.0287094	0.944335579872131
LINCSCP_116142		9688	NUP93	0.142801	0.751677513122559
LINCSCP_116142		9690	UBE3C	-0.460067	0.232014715671539
LINCSCP_116142		9695	EDEM1	-0.607848	0.0957282483577728
LINCSCP_116142		9697	TRAM2	-0.234957	0.599115610122681
LINCSCP_116142		9702	CEP57	-0.182636	0.608770608901978
LINCSCP_116142		9703	KIAA0100	-0.693676	0.165065959095955
LINCSCP_116142		9709	HERPUD1	0.0505482	0.870010614395142
LINCSCP_116142		9710	KIAA0355	0.744965	0.13518562912941
LINCSCP_116142		9712	USP6NL	-0.148586	0.663125216960907
LINCSCP_116142		9738	CCP110	0.503707	0.165355637669563
LINCSCP_116142		9761	MLEC	0.101502	0.745368659496307
LINCSCP_116142		9797	TATDN2	0.398608	0.49029940366745
LINCSCP_116142		9801	MRPL19	0.534736	0.202777057886124
LINCSCP_116142		9805	SCRN1	-2.91979	0.194658249616623
LINCSCP_116142		9813	EFCAB14	0.157343	0.610478460788727
LINCSCP_116142		9817	KEAP1	0.219308	0.608951807022095
LINCSCP_116142		9833	MELK	0.17007	0.689011216163635
LINCSCP_116142		9842	PLEKHM1	-0.506472	0.257706731557846
LINCSCP_116142		9847	C2CD5	0.67899	0.127198472619057
LINCSCP_116142		9851	KIAA0753	-1.25302	0.0136245023459196
LINCSCP_116142		9854	C2CD2L	0.796523	0.137235686182976
LINCSCP_116142		9868	TOMM70A	0.389156	0.357985973358154
LINCSCP_116142		9897	KIAA0196	-0.150761	0.768670618534088
LINCSCP_116142		9903	KLHL21	0.147006	0.660236775875092
LINCSCP_116142		9915	ARNT2	-0.846842	0.0535337291657925
LINCSCP_116142		9917	FAM20B	-0.683368	0.241389662027359
LINCSCP_116142		9918	NCAPD2	-1.12271	0.0787188112735748
LINCSCP_116142		9924	PAN2	0.7916	0.216891467571259
LINCSCP_116142		9926	LPGAT1	-0.176517	0.620499670505524
LINCSCP_116142		9928	KIF14	0.530232	0.241333648562431
LINCSCP_116142		9943	OXSR1	1.33337	0.014604183845222
LINCSCP_116142		9961	MVP	-0.587354	0.167197108268738
LINCSCP_116142		9988	DMTF1	0.117616	0.744475066661835
LINCSCP_116142		10007	GNPDA1	-0.690396	0.099872924387455
LINCSCP_116142		10013	HDAC6	-0.151765	0.659933626651764
LINCSCP_116142		10038	PARP2	0.237507	0.475321471691132
LINCSCP_116142		10046	MAMLD1	-0.13689	0.806866049766541
LINCSCP_116142		10049	DNAJB6	0.418452	0.224055871367455
LINCSCP_116142		10051	SMC4	0.770131	0.208830401301384
LINCSCP_116142		10057	ABCC5	-0.028892	0.942587614059448
LINCSCP_116142		10058	ABCB6	-0.0839072	0.811666548252106
LINCSCP_116142		10059	DNM1L	0.151682	0.837604224681854
LINCSCP_116142		10099	TSPAN3	0.762179	0.211363479495049
LINCSCP_116142		10112	KIF20A	-3.13159	0.242846637964249
LINCSCP_116142		10123	ARL4C	-0.826693	0.0388276763260365
LINCSCP_116142		10131	TRAP1	-0.155445	0.718290984630585
LINCSCP_116142		10146	G3BP1	-2.01227	0.376096457242966
LINCSCP_116142		10150	MBNL2	-0.94237	0.209070086479187
LINCSCP_116142		10153	CEBPZ	0.95059	0.0408913157880306
LINCSCP_116142		10165	SLC25A13	0.189529	0.746749877929688
LINCSCP_116142		10174	SORBS3	-7.43391	0.0128667205572128
LINCSCP_116142		10180	RBM6	-0.677717	0.107348039746284
LINCSCP_116142		10190	TXNDC9	0.888438	0.230473265051842
LINCSCP_116142		10206	TRIM13	-0.711565	0.242444708943367
LINCSCP_116142		10221	TRIB1	-0.0454561	0.883928775787354
LINCSCP_116142		10227	MFSD10	0.613494	0.248014405369759
LINCSCP_116142		10237	SLC35B1	0.322235	0.44633474946022
LINCSCP_116142		10245	TIMM17B	-0.18836	0.637652218341827
LINCSCP_116142		10270	AKAP8	0.88553	0.033879891037941
LINCSCP_116142		10273	STUB1	-0.569882	0.163959413766861
LINCSCP_116142		10276	NET1	0.307679	0.350464850664139
LINCSCP_116142		10285	SMNDC1	0.447239	0.266417801380157
LINCSCP_116142		10298	PAK4	0.130681	0.701779544353485
LINCSCP_116142		10318	TNIP1	-0.619969	0.172851890325546
LINCSCP_116142		10320	IKZF1	-0.55755	0.136142760515213
LINCSCP_116142		10329	TMEM5	0.616324	0.134017467498779
LINCSCP_116142		10362	HMG20B	-0.904758	0.030010050162673
LINCSCP_116142		10398	MYL9	-1.25404	0.0613543279469013
LINCSCP_116142		10434	LYPLA1	-2.226	0.382913202047348
LINCSCP_116142		10450	PPIE	-0.0929214	0.843414664268494
LINCSCP_116142		10451	VAV3	3.20847	0.221467018127441
LINCSCP_116142		10489	LRRC41	-0.73762	0.0824815258383751
LINCSCP_116142		10491	CRTAP	0.429986	0.281158894300461
LINCSCP_116142		10493	VAT1	-0.794392	0.199151709675789
LINCSCP_116142		10494	STK25	-0.117435	0.850342392921448
LINCSCP_116142		10513	APPBP2	0.226488	0.587630331516266
LINCSCP_116142		10523	CHERP	-0.105211	0.803926348686218
LINCSCP_116142		10525	HYOU1	-0.0414226	0.916124045848846
LINCSCP_116142		10557	RPP38	-0.0632991	0.84477710723877
LINCSCP_116142		10559	SLC35A1	-0.0555783	0.911137282848358
LINCSCP_116142		10589	DRAP1	0.147451	0.745344400405884
LINCSCP_116142		10606	PAICS	0.290468	0.599581897258759
LINCSCP_116142		10610	ST6GALNAC2	-0.136533	0.73714143037796
LINCSCP_116142		10617	STAMBP	-0.420492	0.449011087417603
LINCSCP_116142		10641	NPRL2	0.158338	0.768914043903351
LINCSCP_116142		10644	IGF2BP2	0.942665	0.0405371971428394
LINCSCP_116142		10652	YKT6	0.572728	0.130146056413651
LINCSCP_116142		10668	CGRRF1	0.38809	0.350936979055405
LINCSCP_116142		10670	RRAGA	0.806611	0.0601331628859043
LINCSCP_116142		10681	GNB5	-0.654307	0.152794569730759
LINCSCP_116142		10682	EBP	0.417052	0.38213062286377
LINCSCP_116142		10695	CNPY3	-0.439034	0.329680532217026
LINCSCP_116142		10730	YME1L1	0.183498	0.610934376716614
LINCSCP_116142		10732	TCFL5	0.70687	0.356084764003754
LINCSCP_116142		10765	KDM5B	0.0575109	0.87306159734726
LINCSCP_116142		10775	POP4	0.948769	0.186759650707245
LINCSCP_116142		10776	ARPP19	0.0463061	0.944922208786011
LINCSCP_116142		10782	ZNF274	0.0866169	0.812728404998779
LINCSCP_116142		10797	MTHFD2	0.220316	0.486417055130005
LINCSCP_116142		10810	WASF3	-0.349272	0.299666315317154
LINCSCP_116142		10813	UTP14A	0.367329	0.301182895898819
LINCSCP_116142		10818	FRS2	0.283487	0.419221758842468
LINCSCP_116142		10845	CLPX	0.482263	0.158398494124413
LINCSCP_116142		10857	PGRMC1	-0.106181	0.754419565200806
LINCSCP_116142		10892	MALT1	-0.284167	0.467196077108383
LINCSCP_116142		10898	CPSF4	-0.287861	0.661251306533813
LINCSCP_116142		10904	BLCAP	-0.0978689	0.832718014717102
LINCSCP_116142		10915	TCERG1	0.136643	0.692304074764252
LINCSCP_116142		10921	RNPS1	2.83945	0.244508415460587
LINCSCP_116142		10953	TOMM34	0.0140403	0.969901144504547
LINCSCP_116142		10954	PDIA5	-0.632121	0.0994182229042053
LINCSCP_116142		10962	MLLT11	3.17453	0.125041037797928
LINCSCP_116142		10969	EBNA1BP2	0.753325	0.137662723660469
LINCSCP_116142		10972	TMED10	0.0135717	0.97499006986618
LINCSCP_116142		10973	ASCC3	0.417497	0.486922174692154
LINCSCP_116142		11000	SLC27A3	-0.295247	0.551061928272247
LINCSCP_116142		11004	KIF2C	-0.535692	0.393503934144974
LINCSCP_116142		11007	CCDC85B	-0.798724	0.11651998013258
LINCSCP_116142		11011	TLK2	-0.0388011	0.947504222393036
LINCSCP_116142		11014	KDELR2	0.820406	0.0390415228903294
LINCSCP_116142		11031	RAB31	-0.489876	0.170205667614937
LINCSCP_116142		11041	B4GAT1	-0.66074	0.225363418459892
LINCSCP_116142		11044	PAPD7	-0.145138	0.715156376361847
LINCSCP_116142		11065	UBE2C	0.473402	0.200121626257896
LINCSCP_116142		11072	DUSP14	0.605725	0.128116384148598
LINCSCP_116142		11073	TOPBP1	0.122486	0.752984344959259
LINCSCP_116142		11098	PRSS23	0.304039	0.383579343557358
LINCSCP_116142		11137	PWP1	0.044278	0.89789354801178
LINCSCP_116142		11142	PKIG	-0.877528	0.0326415523886681
LINCSCP_116142		11151	CORO1A	0.00051662	0.999089300632477
LINCSCP_116142		11157	LSM6	0.390226	0.2828389108181
LINCSCP_116142		11168	PSIP1	-0.227646	0.58136510848999
LINCSCP_116142		11182	SLC2A6	0.233448	0.571996748447418
LINCSCP_116142		11188	NISCH	-0.734539	0.217659205198288
LINCSCP_116142		11200	CHEK2	0.297898	0.442675739526749
LINCSCP_116142		11230	PRAF2	0.0490754	0.889806628227234
LINCSCP_116142		11232	POLG2	0.0304414	0.920005619525909
LINCSCP_116142		11261	CHP1	1.98516	0.0265986509621143
LINCSCP_116142		11284	PNKP	-0.491942	0.321645140647888
LINCSCP_116142		11319	ECD	-0.458839	0.21810308098793
LINCSCP_116142		11325	DDX42	0.115247	0.756655156612396
LINCSCP_116142		11344	TWF2	-0.451017	0.271201819181442
LINCSCP_116142		22794	CASC3	-0.0497869	0.874825239181519
LINCSCP_116142		22796	COG2	1.05235	0.177568659186363
LINCSCP_116142		22809	ATF5	0.983052	0.0490452907979488
LINCSCP_116142		22823	MTF2	0.309151	0.383868426084518
LINCSCP_116142		22827	PUF60	-0.647912	0.161468327045441
LINCSCP_116142		22841	RAB11FIP2	0.653738	0.0978981256484985
LINCSCP_116142		22883	CLSTN1	-0.723337	0.14468178153038
LINCSCP_116142		22887	FOXJ3	0.620139	0.196473777294159
LINCSCP_116142		22889	KIAA0907	-0.126868	0.680180966854095
LINCSCP_116142		22905	EPN2	2.2224	0.323863059282303
LINCSCP_116142		22908	SACM1L	0.922976	0.0331275798380375
LINCSCP_116142		22926	ATF6	-0.884407	0.136104896664619
LINCSCP_116142		22934	RPIA	1.29449	0.0087495427578687
LINCSCP_116142		23011	RAB21	-0.0140048	0.97085577249527
LINCSCP_116142		23013	SPEN	-0.248408	0.525672614574432
LINCSCP_116142		23014	FBXO21	-0.370118	0.297128707170486
LINCSCP_116142		23029	RBM34	0.076322	0.877595663070679
LINCSCP_116142		23038	WDTC1	-0.558121	0.323103696107864
LINCSCP_116142		23039	XPO7	0.788547	0.0914162248373032
LINCSCP_116142		23061	TBC1D9B	-0.786278	0.0667983666062355
LINCSCP_116142		23076	RRP1B	0.961728	0.0657441318035126
LINCSCP_116142		23077	MYCBP2	0.685771	0.104416541755199
LINCSCP_116142		23097	CDK19	0.619376	0.287123024463654
LINCSCP_116142		23131	GPATCH8	-0.665364	0.106565438210964
LINCSCP_116142		23139	MAST2	0.205496	0.546592533588409
LINCSCP_116142		23142	DCUN1D4	0.119061	0.863275706768036
LINCSCP_116142		23149	FCHO1	-0.635071	0.477055221796036
LINCSCP_116142		23161	SNX13	-0.248766	0.479917526245117
LINCSCP_116142		23200	ATP11B	0.938325	0.165325701236725
LINCSCP_116142		23210	JMJD6	0.598449	0.127785578370094
LINCSCP_116142		23212	RRS1	0.38492	0.306912779808044
LINCSCP_116142		23223	RRP12	-0.0444314	0.887443602085114
LINCSCP_116142		23224	SYNE2	3.64367	0.133398920297623
LINCSCP_116142		23244	PDS5A	0.319694	0.426161646842957
LINCSCP_116142		23271	CAMSAP2	-0.686775	0.130083501338959
LINCSCP_116142		23300	ATMIN	1.18505	0.0466021783649921
LINCSCP_116142		23321	TRIM2	-0.67431	0.109646499156952
LINCSCP_116142		23325	KIAA1033	-1.03396	0.511019051074982
LINCSCP_116142		23326	USP22	0.779778	0.0809313207864761
LINCSCP_116142		23335	WDR7	0.0109548	0.972506880760193
LINCSCP_116142		23338	JADE2	0.128463	0.752452075481415
LINCSCP_116142		23365	ARHGEF12	0.113593	0.756808638572693
LINCSCP_116142		23368	PPP1R13B	0.00662189	0.986591756343842
LINCSCP_116142		23378	RRP8	0.205509	0.55068701505661
LINCSCP_116142		23386	NUDCD3	0.170242	0.733821749687195
LINCSCP_116142		23410	SIRT3	2.72346	0.280994057655334
LINCSCP_116142		23443	SLC35A3	0.75222	0.162566155195236
LINCSCP_116142		23463	ICMT	-0.520013	0.281412601470947
LINCSCP_116142		23499	MACF1	0.440662	0.314528703689575
LINCSCP_116142		23512	SUZ12	-0.0314272	0.944251298904419
LINCSCP_116142		23522	KAT6B	-0.0847443	0.787049114704132
LINCSCP_116142		23530	NNT	0.274294	0.49908372759819
LINCSCP_116142		23536	ADAT1	-0.347662	0.41097891330719
LINCSCP_116142		23585	TMEM50A	0.676744	0.110977686941624
LINCSCP_116142		23588	KLHDC2	0.195802	0.550469875335693
LINCSCP_116142		23597	ACOT9	0.716361	0.126331582665443
LINCSCP_116142		23635	SSBP2	-0.564678	0.221242174506187
LINCSCP_116142		23636	NUP62	0.339416	0.488559007644653
LINCSCP_116142		23647	ARFIP2	0.978774	0.0748041868209839
LINCSCP_116142		23658	LSM5	-2.8551	0.296869337558746
LINCSCP_116142		23659	PLA2G15	0.133394	0.776401579380035
LINCSCP_116142		23670	TMEM2	0.483025	0.170535713434219
LINCSCP_116142		24149	ZNF318	3.17788	0.143976181745529
LINCSCP_116142		25793	FBXO7	-0.443731	0.401115536689758
LINCSCP_116142		25803	SPDEF	-0.559146	0.267529249191284
LINCSCP_116142		25805	BAMBI	0.325304	0.33620896935463
LINCSCP_116142		25825	BACE2	0.740144	0.168678984045982
LINCSCP_116142		25839	COG4	-2.54455	0.0287763252854347
LINCSCP_116142		25874	MPC2	-1.88143	0.178954139351845
LINCSCP_116142		25932	CLIC4	-0.527844	0.353219866752625
LINCSCP_116142		25966	C2CD2	-0.501607	0.193922698497772
LINCSCP_116142		25976	TIPARP	-0.194675	0.554328918457031
LINCSCP_116142		25987	TSKU	-0.0804084	0.853077232837677
LINCSCP_116142		26001	RNF167	0.0655023	0.845691204071045
LINCSCP_116142		26020	LRP10	-0.859758	0.0580939911305904
LINCSCP_116142		26036	ZNF451	0.513297	0.182568922638893
LINCSCP_116142		26054	SENP6	0.383601	0.432966679334641
LINCSCP_116142		26064	RAI14	-0.430729	0.294166475534439
LINCSCP_116142		26128	KIF1BP	1.24682	0.0491978190839291
LINCSCP_116142		26136	TES	0.474992	0.164297312498093
LINCSCP_116142		26227	PHGDH	-0.599945	0.131564646959305
LINCSCP_116142		26292	MYCBP	0.280719	0.520498275756836
LINCSCP_116142		26511	CHIC2	0.0176049	0.971162378787994
LINCSCP_116142		26520	TIMM9	0.546331	0.145214170217514
LINCSCP_116142		26993	AKAP8L	1.7892	0.0670918971300125
LINCSCP_116142		27032	ATP2C1	-0.250597	0.58924812078476
LINCSCP_116142		27095	TRAPPC3	-0.359903	0.366817682981491
LINCSCP_116142		27109	ATP5S	1.17683	0.0947390496730804
LINCSCP_116142		27242	TNFRSF21	-3.87407	0.126605629920959
LINCSCP_116142		27244	SESN1	-0.365831	0.475445806980133
LINCSCP_116142		27336	HTATSF1	-0.198083	0.593986690044403
LINCSCP_116142		27346	TMEM97	0.857087	0.0683525875210762
LINCSCP_116142		28969	BZW2	0.356372	0.397960036993027
LINCSCP_116142		29082	CHMP4A	-1.28502	0.508392751216888
LINCSCP_116142		29083	GTPBP8	0.612731	0.115447789430618
LINCSCP_116142		29103	DNAJC15	0.251256	0.468978255987167
LINCSCP_116142		29763	PACSIN3	1.54924	0.429567337036133
LINCSCP_116142		29890	RBM15B	1.0196	0.0595423802733421
LINCSCP_116142		29911	HOOK2	3.09294	0.269614487886429
LINCSCP_116142		29916	SNX11	0.300481	0.597808480262756
LINCSCP_116142		29928	TIMM22	1.65171	0.273230940103531
LINCSCP_116142		29937	NENF	-0.0552346	0.867837965488434
LINCSCP_116142		29978	UBQLN2	0.801572	0.166638031601906
LINCSCP_116142		30001	ERO1L	0.205584	0.610340654850006
LINCSCP_116142		30836	DNTTIP2	0.492408	0.239384666085243
LINCSCP_116142		30849	PIK3R4	0.144774	0.739575266838074
LINCSCP_116142		50810	HDGFRP3	0.662485	0.0746269822120667
LINCSCP_116142		50813	COPS7A	-0.42527	0.229943111538887
LINCSCP_116142		50814	NSDHL	1.47496	0.213664308190346
LINCSCP_116142		50865	HEBP1	0.218029	0.566114246845245
LINCSCP_116142		51001	MTERF3	0.991812	0.0243213139474392
LINCSCP_116142		51005	AMDHD2	-0.817776	0.062515065073967
LINCSCP_116142		51015	ISOC1	0.0101843	0.982842028141022
LINCSCP_116142		51021	MRPS16	-0.0736272	0.833789467811584
LINCSCP_116142		51024	FIS1	0.00681811	0.990415930747986
LINCSCP_116142		51026	GOLT1B	1.1101	0.0190789867192507
LINCSCP_116142		51031	GLOD4	0.322068	0.422729253768921
LINCSCP_116142		51053	GMNN	1.21007	0.0097848428413271
LINCSCP_116142		51056	LAP3	0.480679	0.161490142345428
LINCSCP_116142		51070	NOSIP	-0.503413	0.221960186958313
LINCSCP_116142		51071	DERA	-0.0268108	0.966237246990204
LINCSCP_116142		51097	SCCPDH	0.479692	0.450055539608002
LINCSCP_116142		51116	MRPS2	-0.22714	0.571079552173615
LINCSCP_116142		51160	VPS28	-0.573782	0.23355795443058
LINCSCP_116142		51170	HSD17B11	-0.0535386	0.886761248111725
LINCSCP_116142		51203	NUSAP1	0.1762	0.603493332862854
LINCSCP_116142		51282	SCAND1	-0.0405523	0.916452527046204
LINCSCP_116142		51293	CD320	-1.08606	0.128696143627167
LINCSCP_116142		51335	NGRN	0.606977	0.193034574389458
LINCSCP_116142		51375	SNX7	0.274535	0.393733829259872
LINCSCP_116142		51382	ATP6V1D	-4.07185	0.121439650654793
LINCSCP_116142		51385	ZNF589	-0.53996	0.161257386207581
LINCSCP_116142		51422	PRKAG2	-0.765309	0.138368561863899
LINCSCP_116142		51465	UBE2J1	-0.228011	0.604040086269379
LINCSCP_116142		51466	EVL	-0.144522	0.66744601726532
LINCSCP_116142		51495	HACD3	-0.0317254	0.930396199226379
LINCSCP_116142		51569	UFM1	0.532923	0.172852143645287
LINCSCP_116142		51599	LSR	-0.745885	0.136598542332649
LINCSCP_116142		51635	DHRS7	0.197226	0.709751665592194
LINCSCP_116142		51719	CAB39	0.807225	0.055246327072382
LINCSCP_116142		51742	ARID4B	0.299309	0.409763634204865
LINCSCP_116142		53343	NUDT9	-0.379634	0.400764882564545
LINCSCP_116142		54205	CYCS	-2.31973	0.320262938737869
LINCSCP_116142		54386	TERF2IP	0.813391	0.102153450250626
LINCSCP_116142		54438	GFOD1	-0.331674	0.304250627756119
LINCSCP_116142		54442	KCTD5	0.297073	0.426461637020111
LINCSCP_116142		54499	TMCO1	1.24284	0.0650176331400871
LINCSCP_116142		54505	DHX29	-0.0201592	0.973151028156281
LINCSCP_116142		54512	EXOSC4	0.49524	0.210810244083405
LINCSCP_116142		54541	DDIT4	0.266546	0.434169769287109
LINCSCP_116142		54623	PAF1	-0.720577	0.250460177659988
LINCSCP_116142		54681	P4HTM	-0.0554851	0.856250047683716
LINCSCP_116142		54733	SLC35F2	0.41832	0.405801683664322
LINCSCP_116142		54807	ZNF586	-1.00209	0.0278895571827888
LINCSCP_116142		54850	FBXL12	-0.362512	0.460034072399139
LINCSCP_116142		54881	TEX10	3.32382	0.224825069308281
LINCSCP_116142		54915	YTHDF1	1.06717	0.0481829605996609
LINCSCP_116142		54957	TXNL4B	1.35159	0.136087343096733
LINCSCP_116142		55008	HERC6	1.10899	0.3393474817276
LINCSCP_116142		55011	PIH1D1	0.176391	0.581746578216553
LINCSCP_116142		55012	PPP2R3C	0.351743	0.401743471622467
LINCSCP_116142		55033	FKBP14	0.202188	0.622667789459229
LINCSCP_116142		55038	CDCA4	-0.0310886	0.92995148897171
LINCSCP_116142		55111	PLEKHJ1	-0.269664	0.41076397895813
LINCSCP_116142		55127	HEATR1	-1.00161	0.173162296414375
LINCSCP_116142		55129	ANO10	-0.612768	0.214352458715439
LINCSCP_116142		55148	UBR7	0.51627	0.197288557887077
LINCSCP_116142		55179	FAIM	-0.513235	0.161270126700401
LINCSCP_116142		55256	ADI1	0.81293	0.0919556990265846
LINCSCP_116142		55324	ABCF3	0.326183	0.530452787876129
LINCSCP_116142		55556	ENOSF1	-0.624672	0.270620554685593
LINCSCP_116142		55604	LRRC16A	-0.149838	0.788468420505524
LINCSCP_116142		55608	ANKRD10	-0.00427221	0.989159941673279
LINCSCP_116142		55620	STAP2	3.55948	0.171662405133247
LINCSCP_116142		55699	IARS2	0.306244	0.377521693706512
LINCSCP_116142		55746	NUP133	-0.179322	0.666456341743469
LINCSCP_116142		55748	CNDP2	-0.425156	0.314998149871826
LINCSCP_116142		55793	FAM63A	-0.121614	0.749792277812958
LINCSCP_116142		55818	KDM3A	0.0744332	0.828092634677887
LINCSCP_116142		55825	PECR	-0.285868	0.468869179487228
LINCSCP_116142		55837	EAPP	0.242391	0.671781003475189
LINCSCP_116142		55847	CISD1	0.176953	0.651864290237427
LINCSCP_116142		55893	ZNF395	-0.609075	0.157937362790108
LINCSCP_116142		55958	KLHL9	0.742083	0.183674439787865
LINCSCP_116142		56654	NPDC1	-0.906174	0.236659869551659
LINCSCP_116142		56889	TM9SF3	-0.625568	0.194670438766479
LINCSCP_116142		56924	PAK6	0.0269034	0.929336845874786
LINCSCP_116142		56940	DUSP22	-0.73029	0.0733368694782257
LINCSCP_116142		56997	ADCK3	-0.266971	0.634927451610565
LINCSCP_116142		57019	CIAPIN1	2.10217	0.141044601798058
LINCSCP_116142		57048	PLSCR3	-0.0589546	0.873819589614868
LINCSCP_116142		57147	SCYL3	0.525167	0.275172919034958
LINCSCP_116142		57149	LYRM1	0.597948	0.114921651780605
LINCSCP_116142		57178	ZMIZ1	0.797596	0.0730031877756119
LINCSCP_116142		57192	MCOLN1	-0.431864	0.201755091547966
LINCSCP_116142		57215	THAP11	1.72277	0.0482306852936745
LINCSCP_116142		57406	ABHD6	0.271758	0.439031034708023
LINCSCP_116142		57761	TRIB3	-0.45114	0.266711980104446
LINCSCP_116142		57804	POLD4	-1.07762	0.0162693001329899
LINCSCP_116142		58472	SQRDL	-0.451364	0.205602437257767
LINCSCP_116142		58478	ENOPH1	0.313741	0.447022199630737
LINCSCP_116142		58497	PRUNE	1.00147	0.365263342857361
LINCSCP_116142		58533	SNX6	-0.0804387	0.79935610294342
LINCSCP_116142		60493	FASTKD5	1.67802	0.0719214826822281
LINCSCP_116142		60528	ELAC2	-0.293668	0.481800824403763
LINCSCP_116142		63874	ABHD4	-0.487871	0.165556594729424
LINCSCP_116142		63933	MCUR1	-1.35812	0.122129797935486
LINCSCP_116142		64080	RBKS	-0.165649	0.59309709072113
LINCSCP_116142		64422	ATG3	0.130356	0.750269055366516
LINCSCP_116142		64428	NARFL	-0.96666	0.0465686991810799
LINCSCP_116142		64429	ZDHHC6	0.577621	0.215829879045486
LINCSCP_116142		64746	ACBD3	0.140503	0.855925500392914
LINCSCP_116142		64781	CERK	0.196358	0.739195346832275
LINCSCP_116142		64943	NT5DC2	-0.468815	0.288241565227509
LINCSCP_116142		65057	ACD	0.682884	0.144028514623642
LINCSCP_116142		65123	INTS3	0.342412	0.387784242630005
LINCSCP_116142		66008	TRAK2	-0.330475	0.417614936828613
LINCSCP_116142		79006	METRN	0.1316	0.693602740764618
LINCSCP_116142		79071	ELOVL6	-1.01363	0.200602650642395
LINCSCP_116142		79073	TMEM109	0.27054	0.426124095916748
LINCSCP_116142		79080	CCDC86	-0.429555	0.31332802772522
LINCSCP_116142		79090	TRAPPC6A	-0.78691	0.0996971800923347
LINCSCP_116142		79094	CHAC1	0.609076	0.168503448367119
LINCSCP_116142		79143	MBOAT7	-1.24479	0.010974595323205
LINCSCP_116142		79170	PRR15L	-0.678797	0.0901737660169601
LINCSCP_116142		79174	CRELD2	-0.28355	0.644953370094299
LINCSCP_116142		79187	FSD1	-1.30955	0.0281831864267588
LINCSCP_116142		79600	TCTN1	-0.560593	0.114921569824219
LINCSCP_116142		79643	CHMP6	-0.957108	0.0309194717556238
LINCSCP_116142		79716	NPEPL1	-1.27622	0.0092891454696655
LINCSCP_116142		79850	FAM57A	0.715436	0.130747318267822
LINCSCP_116142		79902	NUP85	0.0200636	0.952988028526306
LINCSCP_116142		79921	TCEAL4	0.767641	0.157609835267067
LINCSCP_116142		79947	DHDDS	-0.438923	0.222262814640999
LINCSCP_116142		79961	DENND2D	-0.0983187	0.791229963302612
LINCSCP_116142		80204	FBXO11	0.283397	0.413628369569778
LINCSCP_116142		80212	CCDC92	0.367566	0.331202805042267
LINCSCP_116142		80347	COASY	0.0529242	0.922106444835663
LINCSCP_116142		80349	WDR61	1.51346	0.104011170566082
LINCSCP_116142		80746	TSEN2	0.0136606	0.966315567493439
LINCSCP_116142		80758	PRR7	0.0863287	0.826577842235565
LINCSCP_116142		81533	ITFG1	-0.578279	0.257536739110947
LINCSCP_116142		81544	GDPD5	-0.692998	0.103286042809486
LINCSCP_116142		83743	GRWD1	0.728035	0.13421531021595
LINCSCP_116142		84159	ARID5B	-0.282901	0.376360654830933
LINCSCP_116142		84617	TUBB6	0.618325	0.186176508665085
LINCSCP_116142		84722	PSRC1	-0.360186	0.398214101791382
LINCSCP_116142		84890	ADO	1.08403	0.0531768724322319
LINCSCP_116142		85236	HIST1H2BK	0.347117	0.415384292602539
LINCSCP_116142		85377	MICALL1	0.545709	0.259724408388138
LINCSCP_116142		89910	UBE3B	-0.72181	0.0915104001760483
LINCSCP_116142		90861	HN1L	0.129096	0.72474217414856
LINCSCP_116142		91137	SLC25A46	0.833929	0.072574645280838
LINCSCP_116142		91949	COG7	-0.253842	0.604507029056549
LINCSCP_116142		93487	MAPK1IP1L	0.109098	0.762272715568542
LINCSCP_116142		93594	TBC1D31	-0.138289	0.684527933597565
LINCSCP_116142		94239	H2AFV	0.346318	0.406597912311554
LINCSCP_116142		116832	RPL39L	0.823383	0.0939921960234642
LINCSCP_116142		124583	CANT1	0.0506793	0.912920355796814
LINCSCP_116142		147179	WIPF2	0.684494	0.146613210439682
LINCSCP_116142		148022	TICAM1	-0.35363	0.313462823629379
LINCSCP_116142		200081	TXLNA	0.117054	0.803143918514252
LINCSCP_116142		200734	SPRED2	0.0778212	0.806540310382843
LINCSCP_116142		256364	EML3	-0.353118	0.346239507198334
LINCSCP_116142		375346	TMEM110	1.11779	0.458516299724579
LINCSCP_116142		388650	FAM69A	0.178402	0.584747970104218
